{
  "n_zeros": 1124,
  "ks": {
    "gue": 0.12078949688036844,
    "goe": 0.09992731356533924,
    "poisson": 0.3079077542951181
  },
  "stability": {
    "h1_gue": 0.13043964759160748,
    "h2_gue": 0.11592609505140283,
    "ranking_stable": false
  },
  "sff": {
    "tau": [
      0.1,
      0.3005025125628141,
      0.5010050251256282,
      0.7015075376884422,
      0.9020100502512562,
      1.1025125628140704,
      1.3030150753768845,
      1.5035175879396985,
      1.7040201005025126,
      1.9045226130653268,
      2.1050251256281407,
      2.305527638190955,
      2.506030150753769,
      2.706532663316583,
      2.907035175879397,
      3.107537688442211,
      3.308040201005025,
      3.5085427135678393,
      3.7090452261306535,
      3.909547738693467,
      4.110050251256281,
      4.3105527638190955,
      4.511055276381909,
      4.711557788944723,
      4.9120603015075375,
      5.112562814070351,
      5.313065326633166,
      5.5135678391959795,
      5.714070351758793,
      5.914572864321608,
      6.1150753768844215,
      6.315577889447236,
      6.51608040201005,
      6.7165829145728635,
      6.917085427135678,
      7.117587939698492,
      7.318090452261306,
      7.51859296482412,
      7.719095477386934,
      7.919597989949748,
      8.120100502512562,
      8.320603015075376,
      8.521105527638191,
      8.721608040201005,
      8.922110552763819,
      9.122613065326632,
      9.323115577889446,
      9.523618090452262,
      9.724120603015075,
      9.924623115577889,
      10.125125628140703,
      10.325628140703516,
      10.526130653266332,
      10.726633165829146,
      10.92713567839196,
      11.127638190954773,
      11.328140703517587,
      11.528643216080402,
      11.729145728643216,
      11.92964824120603,
      12.130150753768843,
      12.330653266331657,
      12.531155778894473,
      12.731658291457286,
      12.9321608040201,
      13.132663316582914,
      13.333165829145727,
      13.533668341708543,
      13.734170854271357,
      13.93467336683417,
      14.135175879396984,
      14.335678391959798,
      14.536180904522613,
      14.736683417085427,
      14.93718592964824,
      15.137688442211054,
      15.338190954773868,
      15.538693467336683,
      15.739195979899497,
      15.93969849246231,
      16.140201005025126,
      16.34070351758794,
      16.541206030150754,
      16.741708542713567,
      16.942211055276385,
      17.1427135678392,
      17.343216080402012,
      17.543718592964826,
      17.74422110552764,
      17.944723618090453,
      18.145226130653267,
      18.34572864321608,
      18.546231155778894,
      18.746733668341708,
      18.947236180904525,
      19.14773869346734,
      19.348241206030153,
      19.548743718592966,
      19.74924623115578,
      19.949748743718594,
      20.150251256281408,
      20.35075376884422,
      20.551256281407035,
      20.75175879396985,
      20.952261306532666,
      21.15276381909548,
      21.353266331658293,
      21.553768844221107,
      21.75427135678392,
      21.954773869346734,
      22.155276381909548,
      22.355778894472362,
      22.556281407035176,
      22.75678391959799,
      22.957286432160807,
      23.15778894472362,
      23.358291457286434,
      23.558793969849248,
      23.75929648241206,
      23.959798994974875,
      24.16030150753769,
      24.360804020100502,
      24.561306532663316,
      24.76180904522613,
      24.962311557788947,
      25.16281407035176,
      25.363316582914575,
      25.56381909547739,
      25.764321608040202,
      25.964824120603016,
      26.16532663316583,
      26.365829145728643,
      26.566331658291457,
      26.766834170854274,
      26.967336683417088,
      27.1678391959799,
      27.368341708542715,
      27.56884422110553,
      27.769346733668343,
      27.969849246231156,
      28.17035175879397,
      28.370854271356784,
      28.571356783919597,
      28.771859296482415,
      28.97236180904523,
      29.172864321608042,
      29.373366834170856,
      29.57386934673367,
      29.774371859296483,
      29.974874371859297,
      30.17537688442211,
      30.375879396984924,
      30.576381909547738,
      30.776884422110555,
      30.97738693467337,
      31.177889447236183,
      31.378391959798996,
      31.57889447236181,
      31.779396984924624,
      31.979899497487438,
      32.18040201005025,
      32.380904522613065,
      32.58140703517588,
      32.78190954773869,
      32.982412060301506,
      33.18291457286432,
      33.38341708542713,
      33.58391959798995,
      33.78442211055277,
      33.98492462311558,
      34.185427135678395,
      34.38592964824121,
      34.58643216080402,
      34.78693467336684,
      34.98743718592965,
      35.187939698492464,
      35.38844221105528,
      35.58894472361809,
      35.789447236180905,
      35.98994974874372,
      36.19045226130653,
      36.390954773869346,
      36.59145728643216,
      36.791959798994974,
      36.99246231155779,
      37.1929648241206,
      37.393467336683415,
      37.59396984924623,
      37.79447236180905,
      37.99497487437186,
      38.19547738693468,
      38.39597989949749,
      38.596482412060304,
      38.79698492462312,
      38.99748743718593,
      39.197989949748745,
      39.39849246231156,
      39.59899497487437,
      39.799497487437186,
      40.0
    ],