{
  "range": [
    1314.0,
    1414.0
  ],
  "expected_total": 85.62656461671952,
  "found_total": 86,
  "completeness": 1.0043612094558745,
  "zeros_count": 86,
  "zeros": [
    1314.0525656517264,
    1316.212112602854,
    1317.0729860348301,
    1318.1712791321652,
    1318.9478805965662,
    1319.9310828775365,
    1321.6281385519126,
    1322.2580671233911,
    1324.224978718844,
    1325.2376243589822,
    1325.9819696304464,
    1327.6352811084575,
    1329.0435179965184,
    1329.2050187854836,
    1330.4299371204593,
    1331.8275913852851,
    1333.6735226102849,
    1334.7473290516896,
    1335.694974526002,
    1336.6901846533858,
    1337.68879180967,
    1338.9231645986704,
    1340.4264004573004,
    1341.1662722529263,
    1342.6085078837768,
    1344.156044003596,
    1345.4771062613988,
    1345.7314132554184,
    1347.5194717509,
    1348.0172380187364,
    1349.0851940140476,
    1351.2962063740965,
    1352.2104651591753,
    1353.4833383582647,
    1353.8867819716963,
    1355.6805953206365,
    1356.605655709808,
    1357.7717428285796,
    1358.460160399159,
    1360.393144762191,
    1361.3930747136396,
    1363.0223286032806,
    1363.8791907971347,
    1364.5765848967542,
    1365.4937335512952,
    1367.1040909700084,
    1368.330193307986,
    1369.6869490773431,
    1370.9735227677838,
    1371.6865535528275,
    1373.2029145623735,
    1374.1547986586409,
    1375.302392344749,
    1376.1617799936196,
    1377.1776336421044,
    1379.683283028613,
    1380.1485784416923,
    1381.0739771492058,
    1382.3456629784737,
    1383.2975910079463,
    1384.44441584776,
    1385.663777011193,
    1387.3266476634897,
    1387.9214541271126,
    1389.565831798394,
    1390.7054902864274,
    1391.8532004432698,
    1392.6440277885488,
    1393.4334017407937,
    1394.8841846756804,
    1396.5441631236824,
    1397.8346233213874,
    1398.837675201386,
    1399.8394729412066,
    1400.4269462973941,
    1402.564347250066,
    1402.973747640919,
    1404.0062921705228,
    1405.666975059247,
    1407.0851427764367,
    1408.1363074961896,
    1409.320681079839,
    1410.0248107258021,
    1411.2570568157068,
    1411.965653461773,
    1413.8431487885687
  ],
  "r_stats": {
    "n": 84.0,
    "r_mean": 0.6191492803441366,
    "r_median": 0.6177469425910589,
    "r_p05": 0.1916853238175794,
    "r_p95": 0.9516162788000815
  },
  "dyson_stats": {
    "n": 46.0,
    "mean": 0.0012632970885081334,
    "median": 0.05728993365681088,
    "std": 0.9441412323600767,
    "mad": 0.5151871227251148,
    "drift_slope": -0.0005740207236747707,
    "drift_intercept": 0.014178763371190454,
    "p05": -1.4162841601600826,
    "p95": 1.1571287580937937
  },
  "deficits_top": [
    {
      "a": 1413.0,
      "b": 1413.5,
      "expected": 0.4309733008942658,
      "found": 0,
      "deficit": 0.4309733008942658
    },
    {
      "a": 1412.5,
      "b": 1413.0,
      "expected": 0.43094514184531363,
      "found": 0,
      "deficit": 0.43094514184531363
    },
    {
      "a": 1412.0,
      "b": 1412.5,
      "expected": 0.4309169728277311,
      "found": 0,
      "deficit": 0.4309169728277311
    },
    {
      "a": 1410.5,
      "b": 1411.0,
      "expected": 0.4308324058993094,
      "found": 0,
      "deficit": 0.4308324058993094
    },
    {
      "a": 1409.5,
      "b": 1410.0,
      "expected": 0.43077597797810085,
      "found": 0,
      "deficit": 0.43077597797810085
    },
    {
      "a": 1408.5,
      "b": 1409.0,
      "expected": 0.43071951001581965,
      "found": 0,
      "deficit": 0.43071951001581965
    },
    {
      "a": 1407.5,
      "b": 1408.0,
      "expected": 0.43066300195573604,
      "found": 0,
      "deficit": 0.43066300195573604
    },
    {
      "a": 1406.5,
      "b": 1407.0,
      "expected": 0.4306064537408929,
      "found": 0,
      "deficit": 0.4306064537408929
    },
    {
      "a": 1406.0,
      "b": 1406.5,
      "expected": 0.4305781645571187,
      "found": 0,
      "deficit": 0.4305781645571187
    },
    {
      "a": 1405.0,
      "b": 1405.5,
      "expected": 0.4305215560025317,
      "found": 0,
      "deficit": 0.4305215560025317
    }
  ],
  "config": {
    "alpha_explore": 0.12,
    "bin_width": 0.5,
    "deficit_threshold": 0.1,
    "focus_rounds": 2,
    "dyson_K": 20,
    "dedupe": {
      "tol_abs_max": 1e-10,
      "tol_gap_frac": 0.05
    },
    "alpha_policy": {
      "alpha_base": 0.02,
      "alpha_lupa": 0.004,
      "alpha_super": 0.001
    }
  }
}