{
  "stats": {
    "n": 1003,
    "mean": -0.0032567384943428587,
    "std": 0.9352515156713707,
    "median": 0.023959321378096053,
    "mad": 0.5971067727437281,
    "p05": -1.5165231580237157,
    "p95": 1.5223943631776022
  },
  "drift": {
    "slope": -3.7760859838753702e-06,
    "intercept": -0.0012893976967438272
  },
  "n_zeros": 1043,
  "K": 20
}