{
  "range": [
    2014.0,
    2514.0
  ],
  "expected_total": 468.3111641118903,
  "found_total": 468,
  "completeness": 0.9993355611914988,
  "zeros_count": 468,
  "zeros": [
    2015.186728608706,
    2016.0296380323755,
    2016.8000756558456,
    2017.3867672519616,
    2019.2646002160643,
    2019.884367139755,
    2021.196042768893,
    2022.545617684688,
    2023.572911777101,
    2024.488262157951,
    2025.8789062024814,
    2026.7382589121519,
    2027.5733170559977,
    2028.5824593540399,
    2029.3854795509667,
    2031.7505506906189,
    2032.4207808562862,
    2033.0178927456698,
    2034.5548287889562,
    2035.077440096304,
    2036.5275264833701,
    2037.2171110943407,
    2038.8417382508676,
    2039.4432187401046,
    2040.8391196731384,
    2042.3445862506044,
    2043.2171165633238,
    2044.1215932916673,
    2045.0373208598146,
    2045.8027604315619,
    2047.0983363456073,
    2048.4540940661614,
    2049.847525605716,
    2050.9060553846844,
    2051.718388196256,
    2052.4077901924006,
    2054.059916898486,
    2055.180267326167,
    2055.572602899049,
    2056.6208666898942,
    2058.450651118906,
    2059.4480217437717,
    2060.8682472081077,
    2061.367059202032,
    2062.572650919978,
    2063.2835594983803,
    2064.3048676996345,
    2065.8326722819115,
    2066.9852293779854,
    2068.34563852737,
    2068.669941082813,
    2070.5047175934455,
    2071.377083169759,
    2071.990454814761,
    2073.3976037157686,
    2074.171064902153,
    2075.028065544832,
    2077.117570136877,
    2078.155484639214,
    2078.9392881148765,
    2079.5676284618935,
    2080.9103434575613,
    2081.7996865635773,
    2083.300276858828,
    2083.779992550167,
    2085.3898136922858,
    2086.5803185343816,
    2087.4733409878577,
    2088.7122811987324,
    2090.036206757017,
    2090.447550027416,
    2091.2215806611316,
    2092.473218110072,
    2094.3359174686316,
    2095.1382566602947,
    2096.346529979253,
    2097.3716063571933,
    2097.9519221998867,
    2099.3116512650618,
    2100.593745236861,
    2101.135489459108,
    2102.535100215298,
    2103.3904548087144,
    2105.3722065917996,
    2105.9947043392863,
    2107.1723624324436,
    2107.6179114075144,
    2108.938384889015,
    2109.9631431812672,
    2110.8223718481318,
    2112.9070875231905,
    2113.483966448431,
    2114.3961373258903,
    2115.5066027946846,
    2116.900056068395,
    2117.722399441363,
    2118.6186462170294,
    2119.456428468939,
    2120.691562591844,
    2122.4651511749285,
    2123.344042303462,
    2124.3703687375687,
    2125.512400029152,
    2125.958784840373,
    2126.975711192558,
    2128.7522905542633,
    2129.406080228329,
    2130.5551022832356,
    2132.080620992943,
    2132.7985164678844,
    2134.1549339850376,
    2134.9507725043154,
    2136.0868975247035,
    2136.9674705484717,
    2137.509940525911,
    2139.380759985201,
    2140.949362639097,
    2141.7100359603896,
    2142.3550431960352,
    2143.374444180538,
    2144.89533743136,
    2145.5057537341804,
    2146.6258944755114,
    2147.7853673456307,
    2149.1518493828894,
    2149.910639858102,
    2151.776885116465,
    2152.3902265969195,
    2153.011964165387,
    2154.2636239523204,
    2154.935345848225,
    2156.394727255682,
    2157.856489565353,
    2158.878072291083,
    2159.9022860171704,
    2160.8530623281845,
    2161.69217218921,
    2163.107122285732,
    2164.0497203563577,
    2165.0114371743143,
    2165.5039490233753,
    2167.6934442547467,
    2168.8906158518544,
    2169.263829283365,
    2170.787074973016,
    2171.3963619264946,
    2172.250962827516,
    2173.5282969693167,
    2174.7450208034766,
    2176.2041194662156,
    2176.9394516989773,
    2178.0042091547607,
    2179.232185029747,
    2180.4953182592785,
    2181.2523670106816,
    2181.72578302982,
    2183.33058401728,
    2184.1031907606807,
    2185.9655283206835,
    2187.0856909593726,
    2187.7984558778276,
    2188.558763203089,
    2189.497072902605,
    2191.093363045749,
    2191.778017400508,
    2192.8267705398616,
    2194.23153005045,
    2195.231687681256,
    2196.715977666758,
    2197.2587470402063,
    2198.6875126843674,
    2199.302965320969,
    2200.3510209132633,
    2200.9159530255515,
    2203.2774537306464,
    2203.9063645837737,
    2204.9978017548306,
    2205.855761245544,
    2207.1721619149525,
    2207.8027413367367,
    2209.153744400263,
    2210.2080149892504,
    2210.850941099296,
    2212.3435684000365,
    2213.7002562484363,
    2214.949925632093,
    2215.8205656906453,
    2216.2963758876454,
    2217.4693751162254,
    2218.521006913395,
    2219.799815698361,
    2220.8521588489143,
    2222.6366045880973,
    2223.0550579188107,
    2223.777772507214,
    2225.564645117169,
    2226.3327344055756,
    2227.2462293765952,
    2227.9705738822563,
    2229.1279589101237,
    2230.898690856217,
    2231.9771540740735,
    2232.924853868966,
    2233.7202222503133,
    2234.8149345313273,
    2235.5466621356004,
    2236.7736438450997,
    2238.1547995192973,
    2239.1677439602367,
    2240.0212094704707,
    2241.536186523766,
    2242.6211801593795,
    2243.373668418962,
    2244.3707017004303,
    2245.565286531272,
    2246.0165581782853,
    2247.3644312512292,
    2249.550198573537,
    2249.7707665527237,
    2251.046641941553,
    2251.8453183386932,
    2252.6784326738384,
    2254.5622469943896,
    2254.759079001304,
    2255.824565571537,
    2257.3463846831332,
    2258.5018472911456,
    2259.5178420573843,
    2260.8902594168,
    2261.6600644494815,
    2262.67443064821,
    2262.8783053811608,
    2264.67639970577,
    2265.768446115469,
    2267.3845010675436,
    2267.8791753371656,
    2269.2269982616094,
    2269.9191032168387,
    2271.3262824680664,
    2272.0490157012377,
    2273.3475340531645,
    2273.956289145943,
    2275.0686647759717,
    2277.0793177566234,
    2278.0126283933055,
    2278.5259421557844,
    2279.5073058411194,
    2280.870719852586,
    2281.3564836145465,
    2282.690375137648,
    2284.0560114593513,
    2285.222242364867,
    2286.149814140564,
    2287.0461586710103,
    2288.5788494457643,
    2289.336284710134,
    2290.2414582108554,
    2291.097663612112,
    2291.928901252491,
    2293.8961451060864,
    2294.6879184117147,
    2296.11509118833,
    2296.9985224725156,
    2297.37264757981,
    2298.6123633656603,
    2299.9615776200894,
    2301.2341257988305,
    2301.4548403517288,
    2303.295481982573,
    2304.305138670374,
    2305.508356788682,
    2306.517733070004,
    2307.355553370478,
    2308.210284634765,
    2309.3703582395287,
    2309.9311223841837,
    2312.0479964496103,
    2313.190914170748,
    2313.6893599672244,
    2314.6211821135944,
    2316.049454719989,
    2316.9624945048404,
    2317.851531864277,
    2318.82603533643,
    2320.088523204027,
    2320.9495316286598,
    2322.8126326066936,
    2323.534274240766,
    2324.512455232258,
    2325.5570964917656,
    2325.903015927513,
    2327.3768558196994,
    2328.6348751011687,
    2329.705723406449,
    2331.0131102895725,
    2331.942707806403,
    2332.987765432775,
    2333.7208633737823,
    2335.531712574451,
    2335.86715380565,
    2336.621036786239,
    2337.761730158821,
    2339.615683895983,
    2340.8267267066444,
    2341.3245961862153,
    2342.654041658469,
    2343.259158955009,
    2344.3112162361517,
    2345.5704836344735,
    2346.4641195297877,
    2347.9342546417233,
    2348.8434236334556,
    2349.730054257838,
    2351.4550469278515,
    2352.195701502537,
    2352.7508700754547,
    2353.912135852353,
    2354.9510812350086,
    2355.8108139782903,
    2357.6083159202476,
    2358.9047051984157,
    2359.43485907644,
    2360.314285089526,
    2361.3425416419327,
    2362.718317922921,
    2363.4956176541186,
    2364.751176089117,
    2365.191515064132,
    2367.2492198429595,
    2367.957701823156,
    2369.2205777673994,
    2370.093390284232,
