{
  "n_zeros": 370,
  "r_mean": 0.45497689058088986,
  "ks_gue": 0.27737419083012455,
  "t_min": 14.134725141734693,
  "t_max": 1013.058638098409,
  "spacings": [
    0.6277471234378594,
    0.4612725212604082,
    0.7156370301999581,
    0.36200097121139024,
    0.7149621953137949,
    0.5442638304946789,
    0.4085170755253004,
    0.8270783180140492,
    0.3235163416236081,
    0.5987675464412706,
    0.6706085591718518,
    0.5743149461658045,
    0.29888687101000366,
    0.8795665083628595,
    0.4127326309428361,
    0.524742137717627,
    0.5443230711230407,
    0.7992652057477527,
    0.32078898392853106,
    0.49296854757381214,
    0.8148635758995103,
    0.42157265376332204,
    0.6276657852262739,
    0.3258100122536659,
    0.876361571007396,
    0.519979654062389,
    0.2955435830685037,
    0.7233295330242447,
    0.6136647950768742,
    0.5993629760925135,
    0.43150301924857437,
    0.4342360115214575,
    0.9825222199416112,
    0.21667733846756065,
    1.794206273548398,
    0.6784493321748395,
    0.41713711346008625,
    0.34794639176329106,
    1.4260753383595615,
    0.40793556531634956,
    0.6547320180935238,
    0.3435142679646184,
    1.3691249343232288,
    0.38432356774176907,
    0.5528119574507736,
    0.8077193323721855,
    1.1415400457367706,
    0.24683988663748743,
    1.4781256776120024,
    0.4258844126550951,
    0.36022271782133136,
    0.6751040986598452,
    1.2630121941493053,
    0.4811930877232917,
    0.5597393761077998,
    0.24014251214450424,
    1.0319957870718688,
    0.39761786437243685,
    0.5009683292626018,
    1.7226827716867115,
    0.8025086968266126,
    0.21851155200459493,
    2.2714181929555197,
    0.668552572659354,
    0.49419642517737356,
    0.35004230960178206,
    1.0019821673821752,
    0.3801428913129184,
    0.5257733980115421,
    0.37431419667890925,
    0.7821821148250047,
    1.1837477778988688,
    0.5201992246341334,
    0.37715713898684006,
    1.9493312407220753,
    0.22722491170077452,
    0.8195417508326389,
    0.31126918033787804,
    1.3927348948538858,
    0.614174576773035,
    0.23703599093053918,
    0.5495080370277814,
    1.8964189630256085,
    0.4852724281423075,
    1.9863197917217315,
    0.3160935523015397,
    2.370302892839599,
    1.0932158196052664,
    0.41919184589291386,
    0.30900752055459146,
    1.5826287497159968,
    0.35304790402188074,
    1.6342907658818062,
    1.377168896549671,
    0.29156188178570813,
    0.6073605059163496,
    1.42710439220184,
    0.2532270343024302,
    0.5520784075479491,
    1.0474289191240214,
    1.344003625010203,
    0.5863582495635868,
    0.48250038625251407,
    0.20865600107929802,
    1.4677922937392887,
    0.6239004450903617,
    0.3616855177660581,
    0.7495254708523698,
    0.29932701745741525,
    1.5199996808598757,
    0.3671359508354961,
    0.9823316541734669,
    1.7008931691262992,
    0.8084333913528488,
    0.3454140230748995,
    0.4644284465262869,
    1.399588148101697,
    0.5604785394919692,
    0.3248436487472631,
    1.3057169120617764,
    0.20047930469675987,
    0.932889537510353,
    0.5321267389472901,
    0.5398628507949079,
    0.42145230602822054,
    0.36072451243474657,
    1.5322525849737525,
    1.453655556749826,
    2.423161379863768,
    0.28874840790134837,
    0.6459229090469065,
    2.9853799001803805,
    0.35387220667273583,
    0.39320643846026115,
    1.0952178623341442,
    0.29242830289609856,
    0.7148450734135049,
    2.7854133594279173,
    0.5546980233191983,
    0.3322038395182661,
    1.0967749768846253,
    0.9607026910884414,
    0.2907300873552144,
    1.2314673487639787,
    0.29515632037746936,
    2.0198578703526167,
    0.3792508221132392,
    0.5100886534847281,
    1.7513414180570184,
    1.6086229069180813,
    0.8188003852119364,
    1.648629250732903,
    0.2932028829156329,
    2.4651111600825866,
    1.541258679900967,
    0.31577415215475074,
    2.0561892616162387,
    0.3935787817689667,
    1.6230386757309536,
    1.5024999810793813,
    0.2209558050352616,
    0.6494139336402714,
    0.858771560338316,
    2.4814809309528374,
    0.6156814047402145,
    0.21989319428999649,
    1.5209549468972288,
    0.6194092948207,
    0.3450773347626577,
    0.33370988180092687,
    2.0621191949747475,
    1.0798080851000662,
    0.45094283153203674,
    0.8392119659097956,
    1.5054014760803662,
    0.39363273013859484,
    0.6538859461443353,
    2.2743045558951405,
    0.7448609596243656,
    0.25038642832360003,
    0.5452753066040993,
    1.929716214982102,
    0.5056825696456705,
    1.1313527403143953,
    0.3580252952919328,
    1.3253001175029875,
    1.0825597326528458,
    0.41621526150349003,
    1.9511601726166699,
    0.2535335644692553,
    0.736784726754788,
    0.925875787371302,
    0.5928929484798698,
    1.5564119053055137,
    0.7519224695745164,
    4.289752557233819,
    0.48310476540206854,
    2.054021876936463,
    0.990740299550845,
    1.017820001083619,
    1.4945073635847093,
    0.4426823081347639,
    0.26598730573068113,
    1.0708281934948596,
    1.7090408362965004,
    0.8797244860363906,
    0.41469017727882446,
    0.9317254806150371,
    2.0286663838685786,
    0.28729854362369533,
    0.4962620834096664,
    0.8304085467859939,
    1.1491251950383707,
    1.056355730399688,
    0.5751875616601457,
    0.30663037790520314,
    3.8980107192571896,
    0.8650776004086465,
    0.42767531928149405,
    0.836066657097553,
    0.3974308390709652,
    2.7742072837802576,
    0.5913654720770819,
    1.1270524735348328,
    0.42751845726956605,
    1.8558805804625969,
    1.033787853539956,
    3.595746224227854,
    1.2632913187781907,
    1.5847388186553382,
    0.21761081997987042,
    1.141280380044926,
    0.5157926387861139,
    1.8174024260333679,
    0.5840768131334564,
    0.42355156798262833,
    0.5835403376179411,
    1.4286782316881645,
    0.27016625689351637,
    0.5831223700985803,
    0.5199967830217392,
    2.2125141093188936,
    0.8092105809998745,
    0.4564017586542743,
    0.48742897637721627,
    0.263396047581618,
    2.21029371686976,
    0.24391482018876498,
    0.5469654987535405,
    0.7438304462746358,
    0.45494517599497836,
    0.23796917948029836,
    1.7098938896949325,
    0.29577816634811455,
    0.5897988728308972,
    3.5330062106824838,
    3.2929126903777473,
    0.4224121006731762,
    4.137759616670382,
    0.32468631617601795,
    0.35811650464425737,
    2.53035623623946,
    0.40331442452444527,
    0.6993100644441418,
    1.0553403287804324,
    1.3593321887565684,
    0.5715653590517785,
    3.6689452858683205,
    1.213990908025654,
    2.3126675702734203,
    0.4915912674874057,
    0.7427879236444304,
    1.0287279933288218,
    2.2119638250821665,
    0.9664676013868783,
    0.34125331895141997,
    1.6249173913937387,
    0.3821355200923575,
    0.30578839660613055,
    2.307078457112108,
    2.2969396611094304,
    0.4086754887742044,
    0.5583283442765964,
    1.3102936383041797,
    0.967130467927154,
    1.3517298138092935,
    0.3108816586192483,
    2.571156983428308,
    1.3715090121039217,
    1.338984480405663,
    0.4090227433272109,
    0.8427167701650025,
    0.4054246291834513,
    0.3031843951187051,
    2.124222584350266,
    0.4529815232189415,
    2.1011699178430763,
    2.238609154186488,
    1.3001790382544132,
    2.0470952692284223,
    1.7367838051635827,
    0.39368098495237924,
    0.5244654566956447,
    0.7183255336490488,
    0.8901676170038817,
    0.28513389476079326,
    0.3933412254066487,
    2.8629307599579796,
    0.6069562555909596,
    1.0032475323820043,
    0.6005894466523143,
    0.3426730455718964,
    1.5103186446763797,
    1.4086348810033362,
    0.6984385178667967,
    2.385274830108653,
    0.5505281419182686,
    0.9217396722723346,
    1.3861361727804888,
    0.9904467919857045,
    0.35609928648886835,
    1.1850155544759586,
    0.46403923636539196,
    2.883982136382359,
    1.1708850783801115,
